composite_rank,mutation,group,foldx_ddg,foldx_stab,esmfold_rmsd,esm_score,ddg_norm,stab_norm,rmsd_norm,composite
1,Q182I,active_site,-2.2047,-2.2171,0.3470,-0.9516,0.0000,0.0000,0.0000,0.0000
2,G79P+M262L,allosteric,-1.6107,-1.6084,0.5290,-0.3167,0.0301,0.0280,0.0313,0.0297
3,G79P+A179V,allosteric,-1.7928,-1.7586,0.8600,-0.7886,0.0209,0.0211,0.0881,0.0344
4,M262L+A179V,allosteric,-1.3448,-1.4801,,-0.9621,0.0436,0.0339,,0.0400
5,A179V,allosteric,-1.3173,-1.3187,,-0.7170,0.0450,0.0414,,0.0436
6,Q182V,active_site,-1.2517,-1.2558,,-1.6031,0.0483,0.0443,,0.0468
7,S169A,allosteric,-1.0935,-1.1217,,-0.9067,0.0563,0.0504,,0.0541
8,N233K,active_site,-0.9158,-1.2132,,-1.5599,0.0653,0.0462,,0.0582
9,G79P+S169A,allosteric,-2.1572,-1.5292,1.8590,-0.9783,0.0024,0.0317,0.2598,0.0627
10,D186L,active_site,-0.8874,-0.9706,,-1.5107,0.0668,0.0574,,0.0633
11,T198V,allosteric,-0.8289,-0.8254,,-1.3626,0.0698,0.0641,,0.0676
12,V68I,allosteric,-0.7389,-0.7278,,-1.2967,0.0743,0.0686,,0.0722
13,V68L,allosteric,-0.7246,-0.6994,,-1.2711,0.0750,0.0699,,0.0731
14,E231V,active_site,-1.3939,-1.6200,1.8150,-1.5153,0.0411,0.0275,0.2522,0.0793
15,G79P,allosteric,-0.4834,-0.4652,,-0.0716,0.0873,0.0807,,0.0848
16,S93D,active_site,-0.4072,-0.3927,,-1.3735,0.0911,0.0840,,0.0885
17,V149I,allosteric,-0.3462,-0.4103,,-1.2327,0.0942,0.0832,,0.0901
18,A82V,allosteric,-0.3443,-0.3321,,-0.9837,0.0943,0.0868,,0.0915
19,I200L,active_site,-0.1822,-0.1697,,-1.6296,0.1025,0.0943,,0.0994
20,M262L,allosteric,-0.0845,-0.2925,,-0.2451,0.1075,0.0886,,0.1004
21,G79P+I145L,allosteric,-0.1319,-0.0989,,-0.8381,0.1051,0.0976,,0.1023
22,S238A,active_site,-0.0905,-0.0858,,-1.5779,0.1072,0.0982,,0.1038
23,G79P+I81V,allosteric,-0.1498,0.2512,,-0.7554,0.1042,0.1137,,0.1077
24,S61G,allosteric,0.1326,0.1329,,-1.1502,0.1185,0.1082,,0.1146
25,S238G,active_site,0.1762,0.1808,,-1.4830,0.1207,0.1104,,0.1169
26,E204S,active_site,0.0742,0.4768,,-1.6979,0.1155,0.1241,,0.1187
27,M262L+I145L,allosteric,0.2772,0.1568,,-1.0116,0.1258,0.1093,,0.1196
28,S236G,active_site,0.3113,0.2573,,-1.3006,0.1276,0.1140,,0.1225
29,L176I,allosteric,0.3255,0.3279,,-1.0957,0.1283,0.1172,,0.1241
30,V255L,allosteric,0.4162,0.2545,,-1.2018,0.1329,0.1138,,0.1257
31,G79P+F261Y,allosteric,0.3935,0.4266,,-0.8731,0.1317,0.1218,,0.1280
32,G155A,allosteric,0.4000,0.4514,,-1.1964,0.1321,0.1229,,0.1286
33,I81V,allosteric,0.5112,0.5191,,-0.6838,0.1377,0.1260,,0.1333
34,I145L,allosteric,0.4982,0.7153,,-0.7665,0.1370,0.1350,,0.1363
35,M262L+I81V,allosteric,0.6785,0.4409,,-0.9289,0.1462,0.1224,,0.1373
36,G79P+G66A,allosteric,0.6896,0.7337,,-0.7582,0.1467,0.1359,,0.1427
37,I109L,allosteric,0.9757,0.2802,,-0.9592,0.1612,0.1150,,0.1439
38,A89G,active_site,0.7621,0.7621,,-0.6165,0.1504,0.1372,,0.1455
39,S213A,active_site,0.8062,0.7911,,-1.5944,0.1527,0.1385,,0.1474
40,F261Y,allosteric,0.8544,0.8572,,-0.8015,0.1551,0.1416,,0.1500
41,W159H+Q182I,active_site,0.6735,1.2801,,-1.2128,0.1459,0.1611,,0.1516
42,L216K,active_site,0.9384,0.9432,,-1.4198,0.1594,0.1455,,0.1542
43,T67D,allosteric,0.9839,0.9713,,-1.0810,0.1617,0.1468,,0.1561
44,M262L+G66A,allosteric,1.0956,0.9348,,-0.9317,0.1673,0.1452,,0.1590
45,G79P+N173D,allosteric,1.0627,1.0786,,-0.6217,0.1657,0.1518,,0.1605
46,G235A,active_site,1.0800,1.0800,,-0.7572,0.1665,0.1518,,0.1610
47,L176V,allosteric,1.1312,1.1324,,-1.0089,0.1691,0.1543,,0.1636
48,F201L,active_site,1.1417,1.1610,,-1.3004,0.1697,0.1556,,0.1644
49,G79P+M258F,allosteric,1.0972,1.2629,,-0.5352,0.1674,0.1603,,0.1647
50,I200V,active_site,1.1598,1.1908,,-1.6450,0.1706,0.1569,,0.1655
51,G66A,allosteric,1.1731,1.2065,,-0.6866,0.1713,0.1577,,0.1662
52,G164A,active_site,1.2242,1.2171,,-1.4450,0.1738,0.1582,,0.1680
53,F201I,active_site,1.3512,1.3675,,-1.1991,0.1803,0.1651,,0.1746
54,L216R,active_site,1.4047,1.3334,,-1.0188,0.1830,0.1635,,0.1757
55,I232V,active_site,1.4233,1.4065,,-1.4017,0.1839,0.1669,,0.1775
56,T110A,allosteric,1.3833,1.5057,,-1.0719,0.1819,0.1714,,0.1780
57,M262L+N173D,allosteric,1.5339,1.2373,,-0.7952,0.1895,0.1591,,0.1781
58,M258F,allosteric,1.4538,1.5459,,-0.4636,0.1855,0.1733,,0.1809
59,N173D,allosteric,1.6197,1.5328,,-0.5501,0.1939,0.1727,,0.1859
60,F191L,allosteric,1.7173,1.5302,,-1.1642,0.1988,0.1726,,0.1890
61,A89G+G235A,active_site,1.8421,1.8421,,-1.3737,0.2052,0.1869,,0.1983
62,A209V,active_site,1.7781,2.2023,,-1.3335,0.2019,0.2035,,0.2025
63,M262L+M258F,allosteric,2.0240,2.9839,,-0.7087,0.2144,0.2395,,0.2238
64,V108A,allosteric,2.4156,2.4160,,-0.9861,0.2342,0.2134,,0.2264
65,Q182L,active_site,-1.3046,-1.6601,6.1670,-1.4963,0.0456,0.0257,1.0000,0.2305
66,W159H,active_site,2.5216,2.5235,,-0.2612,0.2396,0.2183,,0.2316
67,P60G,allosteric,2.8898,2.8970,,-1.0593,0.2583,0.2355,,0.2498
68,W159H+A89G,active_site,2.9240,2.8839,,-0.8777,0.2600,0.2349,,0.2506
69,W159H+S236G,active_site,2.8906,3.0157,,-1.5618,0.2583,0.2410,,0.2518
70,G98A+M258F,allosteric,3.0501,3.1010,,-0.8827,0.2664,0.2449,,0.2584
71,V156A,allosteric,3.0839,3.0438,,-1.2885,0.2681,0.2423,,0.2584
72,C203G+Q182I,active_site,3.4785,3.4898,,-1.5275,0.2881,0.2628,,0.2786
73,G79P+G98A,allosteric,3.4636,3.5556,,-0.4907,0.2874,0.2659,,0.2793
74,W159H+G235A,active_site,3.6447,3.6691,,-1.0184,0.2966,0.2711,,0.2870
75,M258F+N173D,allosteric,3.5778,3.8377,,-1.0137,0.2932,0.2788,,0.2878
76,A82L,allosteric,3.9028,3.5900,,-1.2654,0.3097,0.2674,,0.2938
77,M262L+G98A,allosteric,3.9403,3.7804,,-0.6642,0.3116,0.2762,,0.2983
78,W159H+L216R,active_site,3.9287,3.8545,,-1.2800,0.3110,0.2796,,0.2992
79,W159H+F201I,active_site,3.9098,3.9485,,-1.4603,0.3100,0.2839,,0.3002
80,G98A,allosteric,3.9551,4.0849,,-0.4191,0.3123,0.2902,,0.3040
81,P181V,active_site,4.1959,4.1938,,-1.7052,0.3245,0.2952,,0.3135
82,C203A,active_site,4.6280,4.5430,,-1.3655,0.3464,0.3113,,0.3333
83,P184G,active_site,4.7235,4.7163,,-1.2483,0.3513,0.3193,,0.3393
84,P85H,active_site,5.2993,5.7017,,-0.8189,0.3805,0.3647,,0.3745
85,G98A+N173D,allosteric,5.5944,5.6177,,-0.9692,0.3954,0.3608,,0.3824
86,C203G,active_site,5.6245,5.6403,,-0.5759,0.3969,0.3619,,0.3838
87,A89G+P85H,active_site,6.0280,6.4544,,-1.4354,0.4174,0.3994,,0.4106
88,C203G+A89G,active_site,6.3640,6.3256,,-1.1924,0.4344,0.3934,,0.4191
89,C203G+G235A,active_site,6.3899,6.3653,,-1.3331,0.4357,0.3952,,0.4206
90,W159H+P184G,active_site,7.2465,7.2085,,-1.5095,0.4792,0.4341,,0.4623
91,W159H+P85H,active_site,7.9472,7.7220,,-1.0801,0.5147,0.4577,,0.4933
92,W159H+C203G,active_site,8.2004,8.2131,,-0.8371,0.5275,0.4803,,0.5098
93,C239F,active_site,9.7334,9.6404,,-0.6896,0.6053,0.5461,,0.5831
94,A89G+C239F,active_site,10.4955,10.4025,,-1.3061,0.6439,0.5812,,0.6204
95,C203G+P85H,active_site,10.8928,11.2418,,-1.3948,0.6640,0.6198,,0.6475
96,C203G+C239F,active_site,12.2056,11.1977,,-1.2655,0.7306,0.6178,,0.6883
97,W159H+C239F,active_site,12.5974,12.7043,,-0.9508,0.7505,0.6872,,0.7267
98,C239F+P85H,active_site,15.0629,15.3420,,-1.5085,0.8755,0.8087,,0.8504
99,C239F+G235A,active_site,14.9134,17.2300,,-1.4468,0.8679,0.8956,,0.8783
100,I145F,allosteric,17.5191,19.4968,,-1.2480,1.0000,1.0000,,1.0000
