composite_rank,mutation,group,esm_score,foldx_ddg,stability_ddg,rmsd,norm_ddg,norm_stab,norm_rmsd,composite
1,Q182I,active_site,-0.9516,-2.2047,-2.2171,0.347,1.0,1.0,1.0,1.0
2,G79P+M262L,allosteric,-0.3167,-1.6107,-1.5292,0.529,0.9698840994128936,0.9683198319970172,0.9687285223367751,0.9689774845822287
3,G79P+A179V,allosteric,-0.7886,-1.7928,-1.6084,0.86,0.9791166002494459,0.9719672652080017,0.911855670103108,0.9543131785201853
4,G79P+S169A,allosteric,-0.9783,-2.1572,-1.7586,1.859,0.9975917419564183,0.9788844933429748,0.740206185567055,0.9055608069554827
5,E231V,active_site,-1.5153,-1.3939,-1.6601,1.815,0.9588923027002931,0.974348228554061,0.7477663230240983,0.8936689514261508
6,M262L+A179V,allosteric,-0.9621,-1.3448,-1.4801,nan,0.9564029243857697,0.9660586076200053,0.7280927835052013,0.8835181051703254
7,A179V,allosteric,-0.717,-1.3173,-1.3187,nan,0.9550086697289591,0.9586255808491354,0.7280927835052013,0.8805756780277653
8,Q182V,active_site,-1.6031,-1.2517,-1.2558,nan,0.9516827386203495,0.9557288188671793,0.7280927835052013,0.8785014469975767
9,S169A,allosteric,-0.9067,-1.0935,-1.1217,nan,0.9436619718309888,0.9495530512713078,0.7280927835052013,0.873769268869166
10,N233K,active_site,-1.5599,-0.9158,-1.2132,nan,0.9346525517395261,0.9537669419127861,0.7280927835052013,0.8721707590525045
11,D186L,active_site,-1.5107,-0.8874,-0.9706,nan,0.9332126669303109,0.9425943750316644,0.7280927835052013,0.8679666084890588
12,T198V,allosteric,-1.3626,-0.8289,-0.8254,nan,0.930246707024005,0.9359074141448595,0.7280927835052013,0.8647489682246886
13,V68I,allosteric,-1.2967,-0.7389,-0.7278,nan,0.9256836917835344,0.931412597460616,0.7280927835052013,0.8617296909164506
14,V68L,allosteric,-1.2711,-0.7246,-0.6994,nan,0.9249586793619928,0.9301046794910205,0.7280927835052013,0.8610520474527382
15,G79P,allosteric,-0.0716,-0.4834,-0.4652,nan,0.9127297985175314,0.9193189615868214,0.7280927835052013,0.853380514536518
16,S93D,active_site,-1.3735,-0.4072,-0.3927,nan,0.9088664456139329,0.9159800864883823,0.7280927835052013,0.8509797718691722
17,V149I,allosteric,-1.2327,-0.3462,-0.4103,nan,0.9057737352842806,0.9167906272019344,0.7280927835052013,0.8502190486638055
18,A82V,allosteric,-0.9837,-0.3443,-0.3321,nan,0.9056774049625373,0.9131892474405835,0.7280927835052013,0.8489864786361073
19,G79P+I81V,allosteric,-0.7554,-0.1498,-0.2925,nan,0.8958162220261868,0.9113655308350913,0.7280927835052013,0.8450915121221598
20,I200L,active_site,-1.6296,-0.1822,-0.1697,nan,0.8974589075127563,0.90571016722008,0.7280927835052013,0.8437539527460126
21,G79P+I145L,allosteric,-0.8381,-0.1319,-0.0989,nan,0.8949086889950266,0.9024495829860181,0.7280927835052013,0.8418170184954153
22,S238A,active_site,-1.5779,-0.0905,-0.0858,nan,0.8928097019844101,0.9018462827958174,0.7280927835052013,0.840916256095143
23,M262L,allosteric,-0.2451,-0.0845,0.1329,nan,0.8925055009683787,0.8917743933609397,0.7280927835052013,0.8374575592781732
24,E204S,active_site,-1.6979,0.0742,0.1808,nan,0.8844593840943488,0.8895684331234882,0.7280927835052013,0.8340402002410127
25,S61G,allosteric,-1.1502,0.1326,0.1568,nan,0.8814984942049766,0.8906737159146956,0.7280927835052013,0.8334216645416245
26,S238G,active_site,-1.483,0.1762,0.2573,nan,0.8792879668218153,0.8860453442265145,0.7280927835052013,0.8311420315178437
27,M262L+I145L,allosteric,-1.0116,0.2772,0.2512,nan,0.8741672497186204,0.8863262702692798,0.7280927835052013,0.8295287678310338
28,L176I,allosteric,-1.0957,0.3255,0.2545,nan,0.8717184315395679,0.8861742938854887,0.7280927835052013,0.8286618363100859
29,G79P+F261Y,allosteric,-0.8731,0.3935,0.2802,nan,0.8682708200245456,0.8849907202299041,0.7280927835052013,0.8271181079198837
30,G155A,allosteric,-1.1964,0.4,0.3279,nan,0.8679412689238449,0.8827939706823793,0.7280927835052013,0.8262760077038086
31,S236G,active_site,-1.3006,0.3113,0.4768,nan,0.8724383739441754,0.87593661203193,0.7280927835052013,0.8254892564937689
32,V255L,allosteric,-1.2018,0.4162,0.4266,nan,0.8671199261805602,0.8782484952035388,0.7280927835052013,0.8244870682964335
33,I145L,allosteric,-0.7665,0.4982,0.4409,nan,0.862962512294798,0.8775899308737777,0.7280927835052013,0.8228817422245923
34,I81V,allosteric,-0.6838,0.5112,0.4514,nan,0.8623034100933967,0.8771063696526245,0.7280927835052013,0.8225008544170742
35,M262L+I81V,allosteric,-0.9289,0.6785,0.5191,nan,0.8538212717630551,0.8739885511124269,0.7280927835052013,0.8186342021268945
36,G79P+G66A,allosteric,-0.7582,0.6896,0.7153,nan,0.8532584998833971,0.8649528642943062,0.7280927835052013,0.8154347158943015
37,W159H+Q182I,active_site,-1.2128,0.6735,0.7621,nan,0.854074772609748,0.8627975628514517,0.7280927835052013,0.8149883729888003
38,A89G,active_site,-0.6165,0.7621,0.7911,nan,0.8495827376063512,0.861462012812076,0.7280927835052013,0.8130458446412095
39,F261Y,allosteric,-0.8015,0.8544,0.7337,nan,0.8449031119764019,0.8641054808210471,0.7280927835052013,0.8123671254342169
40,S213A,active_site,-1.5944,0.8062,0.9432,nan,0.8473468601385206,0.854457283122799,0.7280927835052013,0.8099656422555069
41,I109L,allosteric,-0.9592,0.9757,0.8572,nan,0.8387531814356342,0.8584178797912922,0.7280927835052013,0.808421281577376
42,T67D,allosteric,-1.081,0.9839,0.9348,nan,0.8383374400470579,0.8548441320997215,0.7280927835052013,0.8070914518839936
43,L216K,active_site,-1.4198,0.9384,1.08,nan,0.8406442977519626,0.8481571712129167,0.7280927835052013,0.8056314174900269
44,G79P+N173D,allosteric,-0.6217,1.0627,0.9713,nan,0.8343422667031792,0.8531631811880936,0.7280927835052013,0.8051994104654914
45,M262L+G66A,allosteric,-0.9317,1.0956,1.0786,nan,0.8326742311319404,0.8482216460424038,0.7280927835052013,0.8029962202265152
46,G79P+M258F,allosteric,-0.5352,1.0972,1.1324,nan,0.8325931108609987,0.8457439704521138,0.7280927835052013,0.8021432882727714
47,G235A,active_site,-0.7572,1.08,1.161,nan,0.8334651537736221,0.8444268417925916,0.7280927835052013,0.8019949263571383
48,F201L,active_site,-1.3004,1.1417,1.1908,nan,0.8303369533254327,0.8430544489935091,0.7280927835052013,0.8004947286080477
49,L176V,allosteric,-1.0089,1.1312,1.2065,nan,0.8308693051034877,0.8423314098342609,0.7280927835052013,0.80043116614765
50,I200V,active_site,-1.645,1.1598,1.2171,nan,0.8294192802604048,0.8418432432681443,0.7280927835052013,0.7997851023445834
51,G66A,allosteric,-0.6866,1.1731,1.2373,nan,0.8287449680082019,0.8409129635855447,0.7280927835052013,0.7992502383663159
52,G164A,active_site,-1.445,1.2242,1.2801,nan,0.8261541893550013,0.8389418759412248,0.7280927835052013,0.7977296162671426
53,T110A,allosteric,-1.0719,1.3833,1.2629,nan,0.8180877924132359,0.8397339952749234,0.7280927835052013,0.7953048570644535
54,F201I,active_site,-1.1991,1.3512,1.3334,nan,0.8197152678490037,0.8364872270757516,0.7280927835052013,0.7947650928099855
55,L216R,active_site,-1.0188,1.4047,1.3675,nan,0.8170028087893906,0.8349168044432445,0.7280927835052013,0.7933374655792788
56,I232V,active_site,-1.4017,1.4233,1.4065,nan,0.8160597856396934,0.8331207199075323,0.7280927835052013,0.7924244296841424
57,M258F,allosteric,-0.4636,1.4538,1.5057,nan,0.8145134304748671,0.828552217703875,0.7280927835052013,0.7903861438946479
58,M262L+N173D,allosteric,-0.7952,1.5339,1.5302,nan,0.8104523469108482,0.8274239081878507,0.7280927835052013,0.7886563462013001
59,N173D,allosteric,-0.5501,1.6197,1.5328,nan,0.8061022723815996,0.8273041692188032,0.7280927835052013,0.7871664083685347
60,F191L,allosteric,-1.1642,1.7173,1.5459,nan,0.8011539358541558,0.8267008690286025,0.7280927835052013,0.7853158627959865
61,A209V,active_site,-1.3335,1.7781,1.8421,nan,0.7980713655583712,0.8130598372471176,0.7280927835052013,0.7797413287702301
62,A89G+G235A,active_site,-1.3737,1.8421,2.2023,nan,0.7948265547207032,0.7964713846890795,0.7280927835052013,0.7731302409716614
63,M262L+M258F,allosteric,-0.7087,2.024,2.416,nan,0.7856041939180185,0.78662976250237,0.7280927835052013,0.7667755799751966
64,W159H,active_site,-0.2612,2.5216,2.5235,nan,0.7603757896551495,0.7816790166667534,0.7280927835052013,0.7567158632757014
65,V108A,allosteric,-0.9861,2.4156,2.897,nan,0.7657500076050372,0.764478053228588,0.7280927835052013,0.7527736147796089
66,W159H+S236G,active_site,-1.5618,2.8906,2.8839,nan,0.7416674271692199,0.7650813534187886,0.7280927835052013,0.74494718803107
67,P60G,allosteric,-1.0593,2.8898,2.9839,nan,0.7417079873046907,0.7604760084554243,0.7280927835052013,0.7434255930884387
68,W159H+A89G,active_site,-0.8777,2.924,3.0157,nan,0.7399740415133118,0.7590115087570746,0.7280927835052013,0.7423594445918625
69,G98A+M258F,allosteric,-0.8827,3.0501,3.0438,nan,0.7335807501597191,0.7577174068223692,0.7280927835052013,0.7397969801624299
70,V156A,allosteric,-1.2885,3.0839,3.101,nan,0.7318670844360756,0.7550831495033248,0.7280927835052013,0.738347672481534
71,C203G+Q182I,active_site,-1.5275,3.4785,3.4898,nan,0.7118607976150786,0.7371775682857645,0.7280927835052013,0.7257103831353482
72,G79P+G98A,allosteric,-0.4907,3.4636,3.5556,nan,0.7126162301382232,0.7341472512998708,0.7280927835052013,0.7249520883144318
73,M258F+N173D,allosteric,-1.0137,3.5778,3.59,nan,0.7068262707997593,0.7325630126324736,0.7280927835052013,0.7224940223124782
74,W159H+G235A,active_site,-1.0184,3.6447,3.6691,nan,0.7034344294710095,0.7289201847664524,0.7280927835052013,0.7201491325808878
75,A82L,allosteric,-1.2654,3.9028,3.7804,nan,0.6903487157647263,0.7237944358222279,0.7280927835052013,0.7140786450307185
76,W159H+F201I,active_site,-1.4603,3.9098,3.8545,nan,0.6899938145793565,0.720381875204375,0.7280927835052013,0.7128228244296443
77,M262L+G98A,allosteric,-0.6642,3.9403,3.8377,nan,0.6884474594145302,0.7211555731582202,0.7280927835052013,0.712565272025984
78,W159H+L216R,active_site,-1.28,3.9287,3.9485,nan,0.6890355813788576,0.7160528509388127,0.7280927835052013,0.7110604052742905
79,G98A,allosteric,-0.4191,3.9551,4.0849,nan,0.6876970969083195,0.7097711604087837,0.7280927835052013,0.7085203469407682
80,P181V,active_site,-1.7052,4.1959,4.1938,nan,0.6754884961315935,0.70475593974368,0.7280927835052013,0.702779073126825
81,C203A,active_site,-1.3655,4.628,4.543,nan,0.6535809529604004,0.688674075131612,0.7280927835052013,0.6901159371990713
82,P184G,active_site,-1.2483,4.7235,4.7163,nan,0.6487390867885676,0.6806930123101017,0.7280927835052013,0.6858416275346236
83,P85H,active_site,-0.8189,5.2993,5.6403,nan,0.6195459292834231,0.638139624848616,0.7280927835052013,0.6619261125457468
84,G98A+N173D,allosteric,-0.9692,5.5944,5.6177,nan,0.6045843093116131,0.6391804328103363,0.7280927835052013,0.6572858418757169
85,C203G,active_site,-0.5759,5.6245,5.7017,nan,0.6030582342145223,0.6353119430411103,0.7280927835052013,0.6554876535869446
86,Q182L,active_site,-1.4963,-1.3046,-1.62,6.167,0.9543647775783595,0.9725014852237519,1.7186252421197423e-13,0.6422887542674277
87,A89G+P85H,active_site,-1.4354,6.028,6.3256,nan,0.5826007158864122,0.6065791958146806,0.7280927835052013,0.639090898402098
88,C203G+A89G,active_site,-1.1924,6.364,6.3653,nan,0.565565458988655,0.6047508738642249,0.7280927835052013,0.6328030387860271
89,C203G+G235A,active_site,-1.3331,6.3899,6.4544,nan,0.5642523246027862,0.6006475115018675,0.7280927835052013,0.6309975398699517
90,W159H+P184G,active_site,-1.5095,7.2465,7.2085,nan,0.5208225595473732,0.5659186051331375,0.7280927835052013,0.6049446493952374
91,W159H+P85H,active_site,-1.0801,7.9472,7.722,nan,0.4852969508918421,0.5422701587462619,0.7280927835052013,0.5852199643811018
92,W159H+C203G,active_site,-0.8371,8.2004,8.2131,nan,0.4724596680153178,0.51965330963118,0.7280927835052013,0.5734019203838997
93,C239F,active_site,-0.6896,9.7334,9.6404,nan,0.39473630841930085,0.4539212209690817,0.7280927835052013,0.5255834376311946
94,A89G+C239F,active_site,-1.3061,10.4955,10.4025,nan,0.35609770936638196,0.41882388700328266,0.7280927835052013,0.5010047932916221
95,C203G+P85H,active_site,-1.3948,10.8928,11.1977,nan,0.33595453208817083,0.38220218385461,0.7280927835052013,0.48208316648266075
96,C203G+C239F,active_site,-1.2655,12.2056,11.2418,nan,0.2693953497805053,0.3801712267257663,0.7280927835052013,0.459219786670491
97,W159H+C239F,active_site,-0.9508,12.5974,12.7043,nan,0.2495310234336563,0.3128180566365639,0.7280927835052013,0.43014728785847384
98,C239F+G235A,active_site,-1.4468,14.9134,15.342,nan,0.13210943124554442,0.1913428725379045,0.7280927835052013,0.35051502909621673
99,C239F+P85H,active_site,-1.5085,15.0629,17.23,nan,0.12452975592942905,0.1043939596295872,0.7280927835052013,0.3190054996880725
100,I145F,allosteric,-1.248,17.5191,19.4968,nan,5.062616992290714e-14,4.596323321948148e-14,0.7280927835052013,0.24269759450176598
